{
  "@context": [
    "https://w3id.org/ro/crate/1.1/context",
    {
      "rdfs": "http://www.w3.org/2000/01/rdf-schema#",
      "schema": "https://schema.org/",
      "xsd": "http://www.w3.org/2001/XMLSchema#",
      "openbis-system": "http://openbis.ch/",
      "openbis-schema": "http://openbis.ch/schema",
      "openbis-metadata": "http://openbis.ch/metadata"
    }
  ],
  "@graph": [
    {
      "@type": "CreativeWork",
      "@id": "ro-crate-metadata.json",
      "conformsTo": {
        "@id": "https://w3id.org/ro/crate/1.1"
      },
      "about": {
        "@id": "./"
      }
    },
    {
      "@id": "./",
      "@type": "Dataset",
      "hasParts": [
        {
          "@id": "reference-openbis-export/metadata.xlsx"
        },
        {
          "@id": "reference-openbis-export/data/O+JOHN+JOHN+ENTRY1+RAW_DATA#0ae07159-0336-418f-8c22-7a2c06efe84d/default/test1.csv"
        },
        {
          "@id": "reference-openbis-export/data/O+JOHN+JOHN+ENTRY2+RAW_DATA#baa3530e-47bf-40da-9852-ee1db1670185/default/test2.csv"
        }
      ]
    },
    {
      "@id": "openbis-metadata:/JOHN/JOHN/ENTRY2",
      "@type": "openbis-schema:Entry",
      "isAutogeneratedCode": false,
      "hasCode": "ENTRY2",
      "hasSpace": "JOHN",
      "hasCollection": "/JOHN/JOHN/JOHN",
      "hasParents": "/JOHN/JOHN/ENTRY2",
      "hasChildren": "",
      "hasProject": "/JOHN/JOHN",
      "hasName": "Title B",
      "isShowInOverview": false,
      "hasDocument": "<h2>Title B</h2><p>Content B</p>",
      "hasParts": [
        {
          "@id": "reference-openbis-export/data/O+JOHN+JOHN+ENTRY2+RAW_DATA#baa3530e-47bf-40da-9852-ee1db1670185/default/test2.csv"
        }
      ]
    },
    {
      "@id": "openbis-metadata:/JOHN/JOHN/ENTRY1",
      "@type": "openbis-schema:Entry",
      "isAutogeneratedCode": false,
      "hasCode": "ENTRY1",
      "hasSpace": "JOHN",
      "hasCollection": "/JOHN/JOHN/JOHN",
      "hasParents": "",
      "hasProject": "/JOHN/JOHN",
      "hasChildren": "/JOHN/JOHN/ENTRY2",
      "hasName": "Title A",
      "isShowInOverview": false,
      "hasDocument": "<h2>Title A</h2><p>Content A</p>",
      "hasParts": [
        {
          "@id": "reference-openbis-export/data/O+JOHN+JOHN+ENTRY1+RAW_DATA#0ae07159-0336-418f-8c22-7a2c06efe84d/default/test1.csv"
        }
      ]
    },
    {
      "@id": "openbis-metadata:/JOHN/JOHN",
      "@type": "openbis-system:Project",
      "hasIdentifier": "JOHN/JOHN",
      "hasCode": "JOHN",
      "hasDescription": null,
      "hasSpace": "JOHN"
    },
    {
      "@id": "openbis-metadata:/JOHN/JOHN/JOHN",
      "@type": "openbis-schema:Collection",
      "hasCode": "JOHN",
      "hasProject": "/JOHN/JOHN",
      "hasDefaultObjectType": "ENTRY",
      "hasDefaultCollectionView": "FORM_VIEW",
      "hasIdentifier": "/JOHN/JOHN/JOHN"
    },
    {
      "@id": "openbis-system:LIST_VIEW",
      "@type": "openbis-system:VocabularyDefaultView",
      "hasCode": "LIST_VIEW",
      "hasLabel": "List View",
      "hasDescription": null
    },
    {
      "@id": "openbis-system:FORM_VIEW",
      "@type": "openbis-system:VocabularyDefaultView",
      "hasCode": "FORM_VIEW",
      "hasLabel": "Form View",
      "hasDescription": null
    },
    {
      "@id": "openbis-system:Space",
      "@type": "rdfs:Class"
    },
    {
      "@id": "openbis-system:Project",
      "@type": "rdfs:Class"
    },
    {
      "@id": "openbis-system:Vocabulary",
      "@type": "rdfs:Class"
    },
    {
      "@id": "openbis-system:Collection",
      "@type": "rdfs:Class"
    },
    {
      "@id": "openbis-system:DataSet",
      "@type": "rdfs:Class"
    },
    {
      "@id": "openbis-system:Object",
      "@type": "rdfs:Class"
    },
    {
      "@id": "openbis-schema:Entry",
      "@type": "rdfs:Class",
      "rdfs:subClassOf": {
        "@id": "openbis-system:Object"
      }
    },
    {
      "@id": "openbis-schema:Raw_Data",
      "@type": "rdfs:Class",
      "rdfs:subClassOf": {
        "@id": "openbis-system:Dataset"
      }
    },
    {
      "@id": "openbis-system:VocabularyDefaultView",
      "@type": "rdfs:Class",
      "rdfs:subClassOf": {
        "@id": "openbis-system:Vocabulary"
      }
    },
    {
      "@id": "openbis-schema:Collection",
      "@type": "rdfs:Class",
      "rdfs:subClassOf": {
        "@id": "openbis-system:Collection"
      }
    },
    {
      "@id": "openbis-system:hasDefaultCollectionView",
      "@type": "rdfs:Property",
      "schema:domainIncludes": [
        {
          "@id": "openbis-system:Object"
        }
      ],
      "schema:rangeIncludes": [
        {
          "@id": "xsd:string"
        }
      ]
    },
    {
      "@id": "openbis-system:hasDefaultObjectType",
      "@type": "rdfs:Property",
      "schema:domainIncludes": [
        {
          "@id": "openbis-system:Collection"
        }
      ],
      "schema:rangeIncludes": [
        {
          "@id": "xsd:string"
        }
      ]
    },
    {
      "@id": "openbis-system:DefaultCollectionView",
      "@type": "rdfs:Property",
      "schema:domainIncludes": [
        {
          "@id": "openbis-system:Collection"
        }
      ],
      "schema:rangeIncludes": [
        {
          "@id": "openbis-system:hasDefaultCollectionView"
        }
      ]
    },
    {
      "@id": "openbis-system:hasCode",
      "@type": "rdfs:Property",
      "schema:domainIncludes": [
        {
          "@id": "openbis-system:Collection"
        },
        {
          "@id": "openbis-system:Space"
        },
        {
          "@id": "openbis-system:Object"
        },
        {
          "@id": "openbis-system:Vocabulary"
        },
        {
          "@id": "openbis-system:Dataset"
        },
        {
          "@id": "openbis-system:Project"
        }
      ],
      "schema:rangeIncludes": [
        {
          "@id": "xsd:string"
        }
      ]
    },
    {
      "@id": "openbis-system:hasNotes",
      "@type": "rdfs:Property",
      "schema:domainIncludes": [
        {
          "@id": "openbis-system:Dataset"
        }
      ],
      "schema:rangeIncludes": [
        {
          "@id": "xsd:string"
        }
      ]
    },
    {
      "@id": "openbis-system:hasName",
      "@type": "rdfs:Property",
      "schema:domainIncludes": [
        {
          "@id": "openbis-system:Dataset"
        },
        {
          "@id": "openbis-system:Object"
        },
        {
          "@id": "openbis-system:Collection"
        }
      ],
      "schema:rangeIncludes": [
        {
          "@id": "xsd:string"
        }
      ]
    },
    {
      "@id": "openbis-system:$hasXmlcomments",
      "@type": "rdfs:Property",
      "schema:domainIncludes": [
        {
          "@id": "openbis-system:Dataset"
        }
      ],
      "schema:rangeIncludes": [
        {
          "@id": "xsd:string"
        }
      ]
    },
    {
      "@id": "openbis-system:hasIdentifier",
      "@type": "rdfs:Property",
      "schema:domainIncludes": [
        {
          "@id": "openbis-system:Object"
        },
        {
          "@id": "openbis-system:Project"
        },
        {
          "@id": "openbis-system:Collection"
        }
      ],
      "schema:rangeIncludes": [
        {
          "@id": "xsd:string"
        }
      ]
    },
    {
      "@id": "openbis-system:hasSpace",
      "@type": "rdfs:Property",
      "schema:domainIncludes": [
        {
          "@id": "openbis-system:Object"
        },
        {
          "@id": "openbis-system:Project"
        },
        {
          "@id": "openbis-system:Collection"
        }
      ],
      "schema:rangeIncludes": [
        {
          "@id": "xsd:string"
        }
      ]
    },
    {
      "@id": "openbis-system:hasProject",
      "@type": "rdfs:Property",
      "schema:domainIncludes": [
        {
          "@id": "openbis-system:Object"
        },
        {
          "@id": "openbis-system:Project"
        },
        {
          "@id": "openbis-system:Collection"
        }
      ],
      "schema:rangeIncludes": [
        {
          "@id": "xsd:string"
        }
      ]
    },
    {
      "@id": "openbis-system:hasCollection",
      "@type": "rdfs:Property",
      "schema:domainIncludes": [
        {
          "@id": "openbis-system:Object"
        },
        {
          "@id": "openbis-system:Project"
        },
        {
          "@id": "openbis-system:Collection"
        }
      ],
      "schema:rangeIncludes": [
        {
          "@id": "xsd:string"
        }
      ]
    },
    {
      "@id": "openbis-system:hasParents",
      "@type": "rdfs:Property",
      "schema:domainIncludes": [
        {
          "@id": "openbis-system:Object"
        }
      ],
      "schema:rangeIncludes": [
        {
          "@id": "xsd:string"
        }
      ]
    },
    {
      "@id": "openbis-system:hasChildren",
      "@type": "rdfs:Property",
      "schema:domainIncludes": [
        {
          "@id": "openbis-system:Object"
        }
      ],
      "schema:rangeIncludes": [
        {
          "@id": "xsd:string"
        }
      ]
    },
    {
      "@id": "openbis-system:hasDescription",
      "@type": "rdfs:Property",
      "schema:domainIncludes": [
        {
          "@id": "openbis-system:Object"
        },
        {
          "@id": "openbis-system:Vocabulary"
        }
      ],
      "schema:rangeIncludes": [
        {
          "@id": "xsd:string"
        }
      ]
    },
    {
      "@id": "openbis-system:hasDocument",
      "@type": "rdfs:Property",
      "schema:domainIncludes": [
        {
          "@id": "openbis-system:Object"
        }
      ],
      "schema:rangeIncludes": [
        {
          "@id": "xsd:string"
        }
      ]
    },
    {
      "@id": "openbis-system:isShowInOverview",
      "@type": "rdfs:Property",
      "schema:domainIncludes": [
        {
          "@id": "openbis-system:Object"
        }
      ],
      "schema:rangeIncludes": [
        {
          "@id": "xsd:boolean"
        }
      ]
    },
    {
      "@id": "openbis-system:isAutogeneratedCode",
      "@type": "rdfs:Property",
      "schema:domainIncludes": [
        {
          "@id": "openbis-system:Object"
        }
      ],
      "schema:rangeIncludes": [
        {
          "@id": "xsd:boolean"
        }
      ]
    },
    {
      "@id": "openbis-system:hasLabel",
      "@type": "obenbis:Property",
      "schema:domainIncludes": [
        {
          "@id": "openbis-system:Vocabulary"
        }
      ],
      "schema:rangeIncludes": [
        {
          "@id": "xsd:string"
        }
      ]
    }
  ]
}